2016 Statistical Area Level 2  (SA2) 9-Digit Code,2016 Statistical Area Level 2 (SA2) Name ,Index of Relative Socio-economic Disadvantage: Score,Index of Relative Socio-economic Disadvantage: Decile
101021007,Braidwood,1009,6
101021008,Karabar,996,5
101021009,Queanbeyan,990,5
101021010,Queanbeyan - East,1019,6
101021011,Queanbeyan Region,1107,10
101021012,Queanbeyan West - Jerrabomberra,1100,10
101031013,Bombala,953,3
101031014,Cooma,963,3
101031015,Cooma Region,1029,6
101031016,Jindabyne - Berridale,1052,8
101041017,Batemans Bay,931,2
101041018,Batemans Bay - South,967,3
101041019,Bega - Tathra,972,4
101041020,Bega-Eden Hinterland,983,4
101041021,Broulee - Tomakin,1021,6
101041022,Deua - Wadbilliga,-,-
101041023,Eden,908,2
101041024,Eurobodalla Hinterland,972,4
101041025,Merimbula - Tura Beach,997,5
101041026,Moruya - Tuross Head,970,4
101041027,Narooma - Bermagui,956,3
101051539,Goulburn,948,3
101051540,Goulburn Region,998,5
101061541,Yass,1010,6
101061542,Yass Region,1084,9
101061543,Young,939,2
101061544,Young Region,957,3
102011028,Avoca Beach - Copacabana,1077,9
102011029,Box Head - MacMasters Beach,1053,8
102011030,Calga - Kulnura,1028,6
102011031,Erina - Green Point,1027,6
102011032,Gosford - Springfield,977,4
102011033,Kariong,1040,7
102011034,Kincumber - Picketts Valley,994,5
102011035,Narara,1025,6
102011036,Niagara Park - Lisarow,1040,7
102011037,Point Clare - Koolewong,1036,7
102011038,Saratoga - Davistown,1047,8
102011039,Terrigal - North Avoca,1071,9
102011040,Umina - Booker Bay - Patonga,963,3
102011041,Wamberal - Forresters Beach,1080,9
102011042,Woy Woy - Blackwall,947,3
102011043,Wyoming,969,4
102021044,Bateau Bay - Killarney Vale,982,4
102021045,Blue Haven - San Remo,925,2
102021046,Budgewoi - Buff Point - Halekulani,940,3
102021047,Chittaway Bay - Tumbi Umbi,1018,6
102021048,Gorokan - Kanwal - Charmhaven,916,2
102021049,Jilliby - Yarramalong,1074,9
102021050,Lake Munmorah - Mannering Park,955,3
102021051,Ourimbah - Fountaindale,1046,7
102021052,Summerland Point - Gwandalan,972,4
102021053,The Entrance,931,2
102021054,Toukley - Norah Head,926,2
102021055,Tuggerah - Kangy Angy,1020,6
102021056,Warnervale - Wadalba,1009,5
102021057,Wyong,891,1
103011058,Bathurst,977,4
103011059,Bathurst - East,981,4
103011060,Bathurst Region,1032,7
103011061,Oberon,957,3
103021062,Condobolin,928,2
103021063,Cowra,911,2
103021064,Cowra Region,950,3
103021065,Forbes,952,3
103021066,Grenfell,956,3
103021067,Parkes (NSW),939,2
103021068,Parkes Region,943,3
103021069,West Wyalong,972,4
103031070,Lithgow,901,1
103031071,Lithgow Region,955,3
103031072,Mudgee,977,4
103031073,Mudgee Region - East,882,1
103031074,Mudgee Region - West,964,3
103041076,Blayney,982,4
103041077,Orange,929,2
103041078,Orange - North,1018,6
103041079,Orange Region,1040,7
104011080,Grafton,897,1
104011081,Grafton Region,936,2
104011082,Maclean - Yamba - Iluka,950,3
104021083,Bellingen,976,4
104021084,Coffs Harbour - North,941,3
104021085,Coffs Harbour - South,944,3
104021086,Coramba - Nana Glen - Bucca,1015,6
104021087,Dorrigo,917,2
104021088,Korora - Emerald Beach,1050,8
104021089,Sawtell - Boambee,967,3
104021090,Urunga,962,3
104021091,Woolgoolga - Arrawarra,958,3
105011092,Bourke - Brewarrina,863,1
105011093,Cobar,968,4
105011094,Coonamble,880,1
105011095,Nyngan - Warren,937,2
105011096,Walgett - Lightning Ridge,828,1
105021097,Broken Hill,901,1
105021098,Far West,876,1
105031099,Coonabarabran,910,2
105031100,Dubbo - East,961,3
105031101,Dubbo - South,985,4
105031102,Dubbo - West,958,3
105031103,Dubbo Region,1043,7
105031104,Gilgandra,911,2
105031105,Narromine,935,2
105031106,Wellington,898,1
106011107,Branxton - Greta - Pokolbin,1010,6
106011108,Cessnock,888,1
106011109,Cessnock Region,995,5
106011110,Dungog,989,5
106011111,Kurri Kurri - Abermain,903,1
106011112,Singleton,979,4
106011113,Singleton Region,1018,6
106021114,Maitland,978,4
106021115,Maitland - East,978,4
106021116,Maitland - North,1064,8
106021117,Maitland - West,960,3
106021118,Thornton - Millers Forest,1038,7
106031119,Anna Bay,997,5
106031120,Lemon Tree Passage - Tanilba Bay,942,3
106031121,Nelson Bay Peninsula,997,5
106031122,Raymond Terrace,895,1
106031123,Seaham - Woodville,1066,9
106031124,Tea Gardens - Hawks Nest,972,4
106031125,Williamtown - Medowie - Karuah,1012,6
106041126,Muswellbrook,914,2
106041127,Muswellbrook Region,979,4
106041128,Scone,987,4
106041129,Scone Region,968,4
107011131,Dapto - Avondale,964,3
107011132,Horsley - Kembla Grange,1048,8
107011134,Unanderra - Mount Kembla,1014,6
107011545,Berkeley - Lake Heights - Cringila,883,1
107011546,Port Kembla - Warrawong,826,1
107011547,Windang - Primbee,930,2
107031136,Albion Park - Macquarie Pass,1022,6
107031137,Albion Park Rail,940,2
107031138,Kiama,1045,7
107031139,Kiama Downs - Minnamurra,1077,9
107031140,Kiama Hinterland - Gerringong,1072,9
107031141,Shellharbour - Flinders,1046,7
107031142,Shellharbour - Oak Flats,981,4
107031143,Warilla,895,1
107041144,Balgownie - Fairy Meadow,996,5
107041145,Corrimal - Tarrawanna - Bellambi,949,3
107041146,Figtree - Keiraville,1031,7
107041147,Helensburgh,1084,9
107041148,Thirroul - Austinmer - Coalcliff,1089,10
107041150,Woonona - Bulli - Russell Vale,1030,7
107041548,Wollongong - East,998,5
107041549,Wollongong - West,969,4
108011151,Bulahdelah - Stroud,939,2
108011152,Forster,933,2
108011153,Forster-Tuncurry Region,956,3
108011154,Tuncurry,891,1
108021155,Kempsey,842,1
108021156,Kempsey Region,930,2
108021157,Macksville - Scotts Head,925,2
108021158,Nambucca Heads,857,1
108021159,Nambucca Heads Region,941,3
108021160,South West Rocks,943,3
108031161,Lord Howe Island,1060,8
108041162,Laurieton - Bonny Hills,965,3
108041163,Port Macquarie - East,1006,5
108041164,Port Macquarie - West,946,3
108041165,Port Macquarie Region,991,5
108041166,Wauchope,956,3
108051167,Gloucester,938,2
108051168,Old Bar - Manning Point - Red Head,993,5
108051169,Taree,876,1
108051170,Taree Region,943,3
108051171,Wingham,896,1
109011172,Albury - East,1042,7
109011173,Albury - North,931,2
109011174,Albury - South,992,5
109011175,Albury Region,1002,5
109011176,Lavington,896,1
109021177,Hay,939,2
109021178,Wentworth - Buronga,951,3
109021179,Wentworth-Balranald Region,964,3
109031180,Corowa,948,3
109031181,Corowa Region,979,4
109031182,Deniliquin,940,2
109031183,Deniliquin Region,984,4
109031184,Moama,1012,6
109031185,Tocumwal - Finley - Jerilderie,958,3
110011186,Armidale,984,4
110011187,Armidale Region - North,979,4
110011188,Armidale Region - South,1001,5
110011189,Walcha,981,4
110021190,Glen Innes,915,2
110021191,Inverell,909,2
110021192,Inverell Region - East,898,1
110021193,Inverell Region - West,941,3
110021194,Tenterfield,910,2
110031195,Moree,902,1
110031196,Moree Region,950,3
110031197,Narrabri,959,3
110031198,Narrabri Region,960,3
110041199,Gunnedah,947,3
110041200,Gunnedah Region,961,3
110041201,Quirindi,914,2
110041202,Tamworth - East,963,3
110041203,Tamworth - North,982,4
110041204,Tamworth - West,810,1
110041205,Tamworth Region,989,5
111011206,Belmont - Bennetts Green,1000,5
111011207,Belmont South - Blacksmiths,942,3
111011208,Charlestown - Dudley,1015,6
111011209,Glendale - Cardiff - Hillsborough,1007,5
111011210,Mount Hutton - Windale,869,1
111011211,Redhead,1028,6
111011212,Swansea - Caves Beach,985,4
111011213,Valentine - Eleebana,1082,9
111011214,Warners Bay - Boolaroo,1017,6
111021215,Bolton Point - Teralba,926,2
111021216,Bonnells Bay - Silverwater,999,5
111021217,Edgeworth - Cameron Park,1015,6
111021218,Morisset - Cooranbong,977,4
111021219,Toronto - Awaba,966,3
111021220,Wangi Wangi - Rathmines,1017,6
111021221,West Wallsend - Barnsley - Killingworth,983,4
111031222,Adamstown - Kotara,1049,8
111031223,Beresfield - Hexham,883,1
111031224,Hamilton - Broadmeadow,982,4
111031225,Lambton - New Lambton,1027,6
111031226,Maryland - Fletcher - Minmi,1032,7
111031227,Mayfield - Warabrook,959,3
111031228,Merewether - The Junction,1075,9
111031229,Newcastle - Cooks Hill,1045,7
111031231,Shortland - Jesmond,892,1
111031232,Stockton - Fullerton Cove,981,4
111031233,Wallsend - Elermore Vale,966,3
111031234,Waratah - North Lambton,970,4
111031235,Wickham - Carrington - Tighes Hill,1002,5
112011236,Ballina,955,3
112011237,Ballina Region,1023,6
112011238,Bangalow,1048,8
112011239,Brunswick Heads - Ocean Shores,975,4
112011240,Byron Bay,1022,6
112011241,Evans Head,932,2
112011242,Lennox Head - Skennars Head,1063,8
112011243,Mullumbimby,976,4
112021244,Casino,873,1
112021245,Casino Region,924,2
112021246,Goonellabah,963,3
112021247,Kyogle,915,2
112021248,Lismore,905,2
112021249,Lismore Region,1000,5
112031250,Kingscliff - Fingal Head,1013,6
112031251,Murwillumbah,923,2
112031252,Murwillumbah Region,980,4
112031253,Pottsville,1003,5
112031254,Tweed Heads,950,3
112031550,Banora Point,987,4
112031551,Terranora - North Tumblegum,1063,8
112031552,Tweed Heads South,902,1
113011256,Griffith (NSW),942,3
113011257,Griffith Region,984,4
113011258,Leeton,957,3
113011259,Narrandera,928,2
113021260,Tumbarumba,952,3
113021261,Tumut,935,2
113021262,Tumut Region,972,4
113031263,Cootamundra,937,2
113031264,Gundagai,956,3
113031265,Junee,940,2
113031266,Temora,960,3
113031267,Wagga Wagga - East,1022,6
113031268,Wagga Wagga - North,1062,8
113031269,Wagga Wagga - South,977,4
113031270,Wagga Wagga - West,943,3
113031271,Wagga Wagga Region,1013,6
114011272,Berry - Kangaroo Valley,1041,7
114011273,Callala Bay - Currarong,983,4
114011274,Culburra Beach,958,3
114011275,Ettrema - Sassafras - Budawang,1025,6
114011276,Huskisson - Vincentia,1033,7
114011277,North Nowra - Bomaderry,979,4
114011278,Nowra,907,2
114011279,St Georges Basin - Erowal Bay,931,2
114011280,Sussex Inlet - Berrara,934,2
114011281,Tomerong - Wandandian - Woollamia,1033,7
114011282,Ulladulla,969,4
114011283,Ulladulla Region,992,5
114021284,Bowral,1063,8
114021285,Hill Top - Colo Vale,1008,5
114021286,Mittagong,1026,6
114021287,Moss Vale - Berrima,1001,5
114021288,Robertson - Fitzroy Falls,1063,8
114021289,Southern Highlands,1050,8
115011290,Baulkham Hills (East),1087,9
115011291,Baulkham Hills (West) - Bella Vista,1113,10
115011294,Glenhaven,1121,10
115011296,West Pennant Hills,1130,10
115011553,Castle Hill - Central,1094,10
115011554,Castle Hill - East,1063,8
115011555,Castle Hill - North,1107,10
115011556,Castle Hill - South,1096,10
115011557,Castle Hill - West,1119,10
115011558,Cherrybrook,1113,10
115011559,Kellyville,1112,10
115021297,Dural - Kenthurst - Wisemans Ferry,1091,10
115021298,Galston - Laughtondale,1093,10
115031299,Bilpin - Colo - St Albans,1019,6
115031300,Kurrajong Heights - Ebenezer,1067,9
115041301,Pitt Town - McGraths Hill,1067,9
115041302,Rouse Hill - Beaumont Hills,1113,10
116011303,Blacktown (East) - Kings Park,977,4
116011304,Blacktown (North) - Marayong,957,3
116011306,Doonside - Woodcroft,973,4
116011307,Lalor Park - Kings Langley,1011,6
116011308,Seven Hills - Toongabbie,1004,5
116011560,Blacktown (South),974,4
116011561,Blacktown (West),981,4
116021309,Glenwood,1090,10
116021310,Parklea - Kellyville Ridge,1106,10
116021312,Riverstone - Marsden Park,1031,7
116021562,Acacia Gardens,1093,10
116021563,Quakers Hill,1058,8
116031313,Bidwill - Hebersham - Emerton,796,1
116031314,Glendenning - Dean Park,999,5
116031315,Hassall Grove - Plumpton,1000,5
116031316,Lethbridge Park - Tregear,849,1
116031317,Mount Druitt - Whalan,875,1
116031319,Rooty Hill - Minchinbury,1000,5
117011321,Botany,1047,7
117011322,Mascot - Eastlakes,995,5
117011323,Pagewood - Hillsdale - Daceyville,971,4
117021326,Marrickville,1007,5
117021327,Petersham - Stanmore,1070,9
117021328,Sydenham - Tempe - St Peters,1038,7
117031329,Darlinghurst,1070,9
117031330,Erskineville - Alexandria,1105,10
117031331,Glebe - Forest Lodge,1030,7
117031332,Newtown - Camperdown - Darlington,1070,9
117031333,Potts Point - Woolloomooloo,1049,8
117031334,Pyrmont - Ultimo,1006,5
117031335,Redfern - Chippendale,990,5
117031336,Surry Hills,1031,7
117031337,Sydney - Haymarket - The Rocks,977,4
117031338,Waterloo - Beaconsfield,1012,6
118011339,Bondi - Tamarama - Bronte,1095,10
118011340,Bondi Beach - North Bondi,1092,10
118011341,Bondi Junction - Waverly,1073,9
118011343,Double Bay - Bellevue Hill,1116,10
118011344,Dover Heights,1108,10
118011345,Paddington - Moore Park,1108,10
118011346,Rose Bay - Vaucluse - Watsons Bay,1118,10
118011347,Woollahra,1112,10
118021348,Coogee - Clovelly,1082,9
118021350,Malabar - La Perouse - Chifley,1024,6
118021564,Kensington (NSW),1053,8
118021565,Kingsford,1001,5
118021566,Maroubra - North,1080,9
118021567,Maroubra - South,998,5
118021568,Maroubra - West,1044,7
118021569,Randwick - North,1090,10
118021570,Randwick - South,1082,9
119011354,Bass Hill - Georges Hall,910,2
119011355,Chullora,1028,6
119011356,Condell Park,942,3
119011357,Greenacre - Mount Lewis,911,2
119011358,Padstow,1008,5
119011359,Panania - Milperra - Picnic Point,1034,7
119011360,Revesby,989,5
119011361,Yagoona - Birrong,905,2
119011571,Bankstown - North,887,1
119011572,Bankstown - South,861,1
119021362,Belmore - Belfield,939,2
119021363,Canterbury (South) - Campsie,930,2
119021364,Kingsgrove (North) - Earlwood,1022,6
119021366,Punchbowl,881,1
119021367,Roselands,978,4
119021573,Lakemba,852,1
119021574,Wiley Park,875,1
119031368,Hurstville,973,4
119031369,Mortdale - Penshurst,1034,7
119031370,Narwee - Beverly Hills,974,4
119031371,Oatley - Hurstville Grove,1083,9
119031372,Peakhurst - Lugarno,1044,7
119031373,Riverwood,875,1
119031374,South Hurstville - Blakehurst,1027,6
119041375,Arncliffe - Bardwell Valley,1003,5
119041376,Bexley,994,5
119041377,Kingsgrove (South) - Bardwell Park,1016,6
119041378,Kogarah,1012,6
119041379,Kogarah Bay - Carlton - Allawah,1017,6
119041380,Monterey - Brighton-le-Sands - Kyeemagh,1008,5
119041381,Rockdale - Banksia,986,4
119041382,Sans Souci - Ramsgate,1027,6
120011383,Concord - Mortlake - Cabarita,1077,9
120011384,Concord West - North Strathfield,1060,8
120011385,Drummoyne - Rodd Point,1090,10
120011386,Five Dock - Abbotsford,1060,8
120021387,Balmain,1099,10
120021388,Leichhardt - Annandale,1083,9
120021389,Lilyfield - Rozelle,1092,10
120031390,Ashfield,1006,5
120031391,Burwood - Croydon,991,5
120031392,Canterbury (North) - Ashbury,1039,7
120031393,Croydon Park - Enfield,1025,6
120031394,Dulwich Hill - Lewisham,1043,7
120031395,Haberfield - Summer Hill,1066,9
120031396,Homebush,1014,6
120031575,Strathfield,1032,7
120031576,Strathfield South,1046,7
121011398,Chatswood (East) - Artarmon,1047,7
121011399,Chatswood (West) - Lane Cove North,1089,10
121011400,Lane Cove - Greenwich,1118,10
121011401,St Leonards - Naremburn,1104,10
121011402,Willoughby - Castle Cove - Northbridge,1116,10
121021403,Asquith - Mount Colah,1095,10
121021404,Berowra - Brooklyn - Cowan,1105,10
121021406,Normanhurst - Thornleigh - Westleigh,1102,10
121021577,Hornsby - East,1024,6
121021578,Hornsby - West,1064,8
121021579,Waitara - Wahroonga (West),1060,8
121031407,Gordon - Killara,1105,10
121031408,Lindfield - Roseville,1121,10
121031409,Pymble,1128,10
121031410,St Ives,1126,10
121031411,Turramurra,1121,10
121031412,Wahroonga (East) - Warrawee,1128,10
121041413,Cremorne - Cammeray,1113,10
121041414,Crows Nest - Waverton,1111,10
121041415,Mosman,1115,10
121041416,Neutral Bay - Kirribilli,1098,10
121041417,North Sydney - Lavender Bay,1111,10
122011418,Balgowlah - Clontarf - Seaforth,1120,10
122011419,Manly - Fairlight,1102,10
122021420,Avalon - Palm Beach,1106,10
122021421,Bayview - Elanora Heights,1104,10
122021422,Newport - Bilgola,1106,10
122021423,Warriewood - Mona Vale,1093,10
122031424,Beacon Hill - Narraweena,1055,8
122031425,Cromer,1088,9
122031426,Dee Why - North Curl Curl,1051,8
122031427,Forestville - Killarney Heights,1098,10
122031428,Frenchs Forest - Belrose,1111,10
122031429,Freshwater - Brookvale,1098,10
122031430,Manly Vale - Allambie Heights,1086,9
122031431,Narrabeen - Collaroy,1082,9
122031432,Terrey Hills - Duffys Forest,1107,10
123011433,Camden - Ellis Lane,1047,7
123011434,Elderslie - Harrington Park,1062,8
123011435,Mount Annan - Currans Hill,1054,8
123021436,Bradbury - Wedderburn,904,2
123021437,Campbelltown - Woodbine,961,3
123021438,Claymore - Eagle Vale - Raby,938,2
123021440,Ingleburn - Denham Court,993,5
123021441,Leumeah - Minto Heights,976,4
123021442,Macquarie Fields - Glenfield,935,2
123021443,Minto - St Andrews,956,3
123021444,Rosemeadow - Glen Alpine,953,3
123031445,Bargo,1015,6
123031446,Douglas Park - Appin,1081,9
123031447,Picton - Tahmoor - Buxton,1015,6
123031448,The Oaks - Oakdale,1055,8
124011449,Blackheath - Megalong Valley,999,5
124011450,Blaxland - Warrimoo - Lapstone,1085,9
124011452,Katoomba - Leura,982,4
124011453,Lawson - Hazelbrook - Linden,1037,7
124011454,Springwood - Winmalee,1068,9
124011455,Wentworth Falls,1036,7
124031457,Cambridge Park,998,5
124031458,Castlereagh - Cranebrook,1027,6
124031459,Emu Plains - Leonay,1047,8
124031460,Glenmore Park - Regentville,1063,8
124031461,Jamisontown - South Penrith,1005,5
124031462,Kingswood - Werrington,961,3
124031463,Mulgoa - Luddenham - Orchard Hills,1072,9
124031464,Penrith,926,2
124031465,Warragamba - Silverdale,1040,7
124041466,Richmond - Clarendon,987,4
124041467,Windsor - Bligh Park,983,4
124041468,Yarramundi - Londonderry,1025,6
124051469,Erskine Park,1053,8
124051470,St Clair,1021,6
124051580,Colyton - Oxley Park,936,2
124051581,St Marys - North St Marys,880,1
125011473,Homebush Bay - Silverwater,1081,9
125011582,Auburn - Central,858,1
125011583,Auburn - North,837,1
125011584,Auburn - South,888,1
125011585,Berala,906,2
125011586,Lidcombe,967,3
125011587,Regents Park,908,2
125021476,Carlingford,1065,8
125021477,Ermington - Rydalmere,1013,6
125021478,Oatlands - Dundas Valley,1011,6
125031479,Chester Hill - Sefton,883,1
125031480,Fairfield - East,821,1
125031481,Granville - Clyde,901,1
125031482,Greystanes - Pemulwuy,1041,7
125031483,Guildford - South Granville,854,1
125031484,Guildford West - Merrylands West,907,2
125031485,Merrylands - Holroyd,928,2
125041489,North Parramatta,1004,5
125041490,North Rocks,1101,10
125041491,Northmead,1053,8
125041492,Parramatta - Rosehill,995,5
125041493,Toongabbie - Constitution Hill,1024,6
125041494,Winston Hills,1093,10
125041588,Pendle Hill - Girraween,993,5
125041589,Wentworthville - Westmead,994,5
126011495,Epping - North Epping,1084,9
126011496,Pennant Hills - Cheltenham,1114,10
126021497,Eastwood - Denistone,1053,8
126021498,Gladesville - Huntleys Point,1079,9
126021499,Hunters Hill - Woolwich,1105,10
126021500,Macquarie Park - Marsfield,1044,7
126021501,North Ryde - East Ryde,1075,9
126021503,West Ryde - Meadowbank,1051,8
126021590,Putney,1108,10
126021591,Ryde,1050,8
127011504,Ashcroft - Busby - Miller,749,1
127011505,Austral - Greendale,974,4
127011506,Cobbitty - Leppington,1065,8
127011592,Badgerys Creek,890,1
127011593,Cecil Hills,1036,7
127011594,Green Valley,931,2
127011595,Hinchinbrook,979,4
127011596,Hoxton Park - Carnes Hill - Horningsea Park,1014,6
127011597,West Hoxton - Middleton Grange,1036,7
127021509,Bonnyrigg Heights - Bonnyrigg,876,1
127021510,Bossley Park - Abbotsbury,971,4
127021511,Cabramatta - Lansvale,765,1
127021512,Cabramatta West - Mount Pritchard,846,1
127021513,Canley Vale - Canley Heights,809,1
127021514,Edensor Park,940,2
127021515,Fairfield,775,1
127021516,Fairfield - West,853,1
127021517,Greenfield Park - Prairiewood,908,2
127021518,Horsley Park - Kemps Creek,1030,7
127021519,Smithfield - Wetherill Park,894,1
127021520,St Johns Park - Wakeley,914,2
127021521,Wetherill Park Industrial,-,-
127031522,Casula,977,4
127031523,Chipping Norton - Moorebank,1037,7
127031524,Holsworthy - Wattle Grove,1074,9
127031598,Liverpool,845,1
127031599,Lurnea - Cartwright,818,1
127031600,Prestons - Edmondson Park,1031,7
127031601,Warwick Farm,818,1
128011529,Gymea - Grays Point,1094,10
128011530,Miranda - Yowie Bay,1046,7
128011531,Sylvania - Taren Point,1064,8
128011602,Caringbah,1033,7
128011603,Caringbah South,1104,10
128011604,Cronulla - Kurnell - Bundeena,1072,9
128011605,Lilli Pilli - Port Hacking - Dolans Bay,1135,10
128011606,Woolaware - Burraneer,1107,10
128021533,Heathcote - Waterfall,1076,9
128021534,Illawong - Alfords Point,1109,10
128021535,Menai - Lucas Heights - Woronora,1093,10
128021536,Oyster Bay - Como - Jannali,1097,10
128021538,Sutherland - Kirrawee,1051,8
128021607,Engadine,1083,9
128021608,Loftus - Yarrawarrah,1105,10
128021609,Woronora Heights,1122,10
201011001,Alfredton,1045,7
201011002,Ballarat,1035,7
201011003,Ballarat - North,999,5
201011004,Ballarat - South,926,2
201011005,Buninyong,1066,9
201011006,Delacombe,968,3
201011007,Smythes Creek,1052,8
201011008,Wendouree - Miners Rest,906,2
201021009,Bacchus Marsh Region,1012,6
201021010,Creswick - Clunes,984,4
201021011,Daylesford,1007,5
201021012,Gordon (Vic.),1023,6
201031013,Avoca,931,2
201031014,Beaufort,969,4
201031015,Golden Plains - North,993,5
201031016,Maryborough (Vic.),873,1
201031017,Maryborough Region,914,2
202011018,Bendigo,919,2
202011019,California Gully - Eaglehawk,899,1
202011020,East Bendigo - Kennington,996,5
202011021,Flora Hill - Spring Gully,991,5
202011022,Kangaroo Flat - Golden Square,949,3
202011023,Maiden Gully,1074,9
202011024,Strathfieldsaye,1085,9
202011025,White Hills - Ascot,1007,5
202021026,Bendigo Region - South,1063,8
202021027,Castlemaine,984,4
202021028,Castlemaine Region,1008,5
202021029,Heathcote,944,3
202021030,Kyneton,1017,6
202021031,Woodend,1071,9
202031032,Bendigo Region - North,994,5
202031033,Loddon,941,3
203011034,Bannockburn,1061,8
203011035,Golden Plains - South,1030,7
203011036,Winchelsea,1039,7
203021037,Belmont,998,5
203021038,Corio - Norlane,815,1
203021039,Geelong,1003,5
203021040,Geelong West - Hamlyn Heights,1009,5
203021041,Grovedale,1030,7
203021042,Highton,1077,9
203021043,Lara,1027,6
203021044,Leopold,1019,6
203021045,Newcomb - Moolap,913,2
203021046,Newtown (Vic.),1070,9
203021047,North Geelong - Bell Park,954,3
203031048,Clifton Springs,1009,6
203031049,Lorne - Anglesea,1066,8
203031050,Ocean Grove - Barwon Heads,1071,9
203031051,Portarlington,964,3
203031052,Point Lonsdale - Queenscliff,1072,9
203031053,Torquay,1092,10
204011054,Alexandra,981,4
204011055,Euroa,965,3
204011056,Kilmore - Broadford,995,5
204011057,Mansfield (Vic.),1015,6
204011058,Nagambie,988,5
204011059,Seymour,897,1
204011060,Seymour Region,1051,8
204011061,Upper Yarra Valley,908,2
204011062,Yea,984,4
204021063,Benalla,928,2
204021064,Benalla Region,1016,6
204021065,Rutherglen,974,4
204021066,Wangaratta,958,3
204021067,Wangaratta Region,1031,7
204031068,Beechworth,1023,6
204031069,Bright - Mount Beauty,1012,6
204031070,Chiltern - Indigo Valley,1007,5
204031071,Myrtleford,960,3
204031072,Towong,992,5
204031073,West Wodonga,975,4
204031074,Wodonga,978,4
204031075,Yackandandah,1051,8
205011076,Drouin,981,4
205011077,Mount Baw Baw Region,1016,6
205011078,Trafalgar (Vic.),1005,5
205011079,Warragul,1001,5
205021081,Bairnsdale,953,3
205021082,Bruthen - Omeo,988,5
205021084,Lakes Entrance,951,3
205021085,Orbost,920,2
205021086,Paynesville,987,4
205031087,Foster,989,5
205031088,French Island,946,3
205031089,Korumburra,978,4
205031090,Leongatha,1001,5
205031091,Phillip Island,986,4
205031093,Wonthaggi - Inverloch,958,3
205041094,Churchill,983,4
205041095,Moe - Newborough,883,1
205041096,Morwell,829,1
205041097,Traralgon,981,4
205041098,Yallourn North - Glengarry,995,5
205051099,Alps - West,-,-
205051100,Longford - Loch Sport,977,4
205051101,Maffra,982,4
205051102,Rosedale,1002,5
205051103,Sale,969,4
205051104,Yarram,941,3
206011105,Brunswick,1053,8
206011106,Brunswick East,1066,9
206011107,Brunswick West,1032,7
206011108,Coburg,1024,6
206011109,Pascoe Vale South,1058,8
206021110,Alphington - Fairfield,1073,9
206021111,Northcote,1064,8
206021112,Thornbury,1038,7
206031113,Ascot Vale,1003,5
206031114,Essendon - Aberfeldie,1078,9
206031115,Flemington,904,2
206031116,Moonee Ponds,1069,9
206041117,Carlton,928,2
206041118,Docklands,1060,8
206041119,East Melbourne,1120,10
206041120,Flemington Racecourse,1111,10
206041121,Kensington (Vic.),1053,8
206041122,Melbourne,968,4
206041123,North Melbourne,989,5
206041124,Parkville,1058,8
206041125,South Yarra - West,1112,10
206041126,Southbank,1067,9
206051128,Albert Park,1095,10
206051129,Elwood,1092,10
206051130,Port Melbourne,1071,9
206051132,South Melbourne,1030,7
206051133,St Kilda,1058,8
206051134,St Kilda East,1066,8
206061135,Armadale,1091,10
206061136,Prahran - Windsor,1072,9
206061137,South Yarra - East,1061,8
206061138,Toorak,1112,10
206071139,Abbotsford,1077,9
206071140,Carlton North - Princes Hill,1084,9
206071141,Collingwood,936,2
206071142,Fitzroy,957,3
206071143,Fitzroy North,1064,8
206071144,Richmond (Vic.),1036,7
206071145,Yarra - North,1100,10
207011146,Ashburton (Vic.),1081,9
207011147,Balwyn,1076,9
207011148,Balwyn North,1083,9
207011149,Camberwell,1107,10
207011150,Glen Iris - East,1125,10
207011151,Hawthorn,1087,9
207011152,Hawthorn East,1094,10
207011153,Kew,1100,10
207011154,Kew East,1098,10
207011155,Surrey Hills (West) - Canterbury,1116,10
207021156,Bulleen,1047,7
207021157,Doncaster,1037,7
207021159,Templestowe,1085,9
207021160,Templestowe Lower,1064,8
207021424,Doncaster East (North),1077,9
207021425,Doncaster East (South),1029,7
207031161,Blackburn,1073,9
207031162,Blackburn South,1035,7
207031163,Box Hill,1016,6
207031164,Box Hill North,1053,8
207031165,Burwood,1002,5
207031166,Burwood East,1025,6
207031167,Surrey Hills (East) - Mont Albert,1108,10
208011168,Beaumaris,1117,10
208011169,Brighton (Vic.),1107,10
208011170,Brighton East,1100,10
208011171,Cheltenham - Highett (West),1070,9
208011172,Hampton,1078,9
208011173,Sandringham - Black Rock,1104,10
208021174,Bentleigh - McKinnon,1069,9
208021176,Carnegie,1062,8
208021177,Caulfield - North,1087,9
208021178,Caulfield - South,1087,9
208021179,Elsternwick,1090,10
208021180,Hughesdale,1043,7
208021181,Murrumbeena,1073,9
208021182,Ormond - Glen Huntly,1064,8
208021426,Bentleigh East (North),1065,8
208021427,Bentleigh East (South),1065,8
208031183,Aspendale Gardens - Waterways,1088,9
208031184,Braeside,765,1
208031185,Carrum - Patterson Lakes,1050,8
208031186,Chelsea - Bonbeach,1033,7
208031187,Chelsea Heights,1039,7
208031188,Cheltenham - Highett (East),1048,8
208031189,Edithvale - Aspendale,1078,9
208031190,Mentone,1061,8
208031191,Moorabbin - Heatherton,1046,7
208031193,Mordialloc - Parkdale,1070,9
208041194,Malvern - Glen Iris,1105,10
208041195,Malvern East,1092,10
209011196,Bundoora - East,1023,6
209011197,Greensborough,1070,9
209011198,Heidelberg - Rosanna,1077,9
209011199,Heidelberg West,931,2
209011200,Ivanhoe,1089,9
209011201,Ivanhoe East - Eaglemont,1121,10
209011202,Montmorency - Briar Hill,1087,9
209011203,Viewbank - Yallambie,1067,9
209011204,Watsonia,1036,7
209021205,Kingsbury,1014,6
209021207,Reservoir - East,940,2
209021208,Reservoir - West,966,3
209021428,Preston - East,979,4
209021429,Preston - West,1029,7
209031209,Eltham,1104,10
209031210,Hurstbridge,1072,9
209031211,Kinglake,1031,7
209031212,Panton Hill - St Andrews,1092,10
209031213,Plenty - Yarrambat,1101,10
209031214,Research - North Warrandyte,1117,10
209031215,Wattle Glen - Diamond Creek,1091,10
209041216,Bundoora - North,1044,7
209041217,Bundoora - West,980,4
209041219,Lalor,897,1
209041220,Mill Park - North,1022,6
209041221,Mill Park - South,1002,5
209041223,Thomastown,879,1
209041224,Wallan,1024,6
209041225,Whittlesea,1025,6
209041430,Doreen,1060,8
209041431,Epping - East,979,4
209041432,Epping - South,934,2
209041433,Epping - West,1008,5
209041434,Mernda,1033,7
209041435,South Morang (North),1060,8
209041436,South Morang (South),1025,6
209041437,Wollert,1022,6
210011226,Airport West,1021,6
210011228,Keilor,1049,8
210011229,Keilor East,1017,6
210011230,Niddrie - Essendon West,1059,8
210011231,Strathmore,1097,10
210021232,Gisborne,1083,9
210021233,Macedon,1103,10
210021234,Riddells Creek,1083,9
210021235,Romsey,1041,7
210031236,Coburg North,1004,5
210031237,Fawkner,916,2
210031239,Pascoe Vale,1034,7
210031438,Glenroy,949,3
210031439,Gowanbrae,1074,9
210031440,Hadfield,948,3
210041240,Sunbury,1044,7
210041241,Sunbury - South,1020,6
210051242,Broadmeadows,782,1
210051243,Campbellfield - Coolaroo,798,1
210051245,Gladstone Park - Westmeadows,993,5
210051246,Greenvale - Bulla,1058,8
210051247,Meadow Heights,821,1
210051248,Melbourne Airport,1061,8
210051249,Roxburgh Park - Somerton,905,2
210051250,Tullamarine,963,3
210051441,Craigieburn - Central,942,3
210051442,Craigieburn - North,997,5
210051443,Craigieburn - South,967,3
210051444,Craigieburn - West,979,4
210051445,Mickleham - Yuroke,1050,8
211011251,Bayswater,1005,5
211011254,Knoxfield - Scoresby,1051,8
211011255,Lysterfield,1104,10
211011256,Rowville - Central,1067,9
211011257,Rowville - North,1080,9
211011258,Rowville - South,1090,10
211011259,Wantirna,1053,8
211011260,Wantirna South,1056,8
211011446,Boronia,1014,6
211011447,Ferntree Gully (North),1021,6
211011448,Ferntree Gully (South) - Upper Ferntree Gully,1043,7
211011449,The Basin,1058,8
211021261,Donvale - Park Orchards,1095,10
211021262,Warrandyte - Wonga Park,1107,10
211031263,Bayswater North,1034,7
211031265,Croydon Hills - Warranwood,1093,10
211031266,Ringwood,1012,6
211031267,Ringwood East,1051,8
211031268,Ringwood North,1095,10
211031450,Croydon - East,1005,5
211031451,Croydon - West,1033,7
211031452,Croydon South,1044,7
211041269,Forest Hill,1029,6
211041270,Mitcham (Vic.),1063,8
211041271,Nunawading,1045,7
211041272,Vermont,1069,9
211041273,Vermont South,1071,9
211051274,Belgrave - Selby,1074,9
211051275,Chirnside Park,1059,8
211051276,Healesville - Yarra Glen,1018,6
211051277,Kilsyth,1017,6
211051278,Lilydale - Coldstream,1034,7
211051279,Monbulk - Silvan,1054,8
211051280,Montrose,1060,8
211051281,Mooroolbark,1036,7
211051282,Mount Dandenong - Olinda,1085,9
211051283,Mount Evelyn,1053,8
211051284,Upwey - Tecoma,1068,9
211051285,Wandin - Seville,1054,8
211051286,Yarra Valley,982,4
212011287,Beaconsfield - Officer,1071,9
212011288,Bunyip - Garfield,1040,7
212011289,Emerald - Cockatoo,1064,8
212011290,Koo Wee Rup,996,5
212011291,Pakenham - North,991,5
212011292,Pakenham - South,992,5
212021293,Berwick - North,1059,8
212021294,Berwick - South,1060,8
212021295,Doveton,826,1
212021297,Hallam,946,3
212021299,Narre Warren North,1084,9
212021453,Endeavour Hills - North,1002,5
212021454,Endeavour Hills - South,1009,6
212021455,Narre Warren - North East,1024,6
212021456,Narre Warren - South West,975,4
212031300,Cranbourne,940,3
212031301,Cranbourne East,1038,7
212031302,Cranbourne North,1002,5
212031303,Cranbourne South,1060,8
212031304,Cranbourne West,997,5
212031305,Hampton Park - Lynbrook,927,2
212031306,Lynbrook - Lyndhurst,1039,7
212031308,Pearcedale - Tooradin,1031,7
212031457,Narre Warren South (East),1058,8
212031458,Narre Warren South (West),996,5
212041309,Clarinda - Oakleigh South,992,5
212041310,Clayton South,957,3
212041311,Dandenong,835,1
212041312,Dandenong North,932,2
212041313,Dingley Village,1070,9
212041314,Keysborough,984,4
212041316,Noble Park North,947,3
212041317,Springvale,849,1
212041318,Springvale South,872,1
212041459,Noble Park - East,905,2
212041460,Noble Park - West,870,1
212051319,Ashwood - Chadstone,1029,7
212051320,Clayton,986,4
212051321,Glen Waverley - East,1066,9
212051322,Glen Waverley - West,1046,7
212051323,Mount Waverley - North,1067,9
212051324,Mount Waverley - South,1069,9
212051325,Mulgrave,1044,7
212051326,Oakleigh - Huntingdale,1033,7
212051327,Wheelers Hill,1071,9
213011328,Ardeer - Albion,887,1
213011329,Cairnlea,976,4
213011330,Deer Park - Derrimut,944,3
213011331,Delahey,923,2
213011332,Keilor Downs,973,4
213011333,Kings Park (Vic.),851,1
213011334,St Albans - North,842,1
213011335,St Albans - South,832,1
213011336,Sunshine,909,2
213011337,Sunshine North,855,1
213011338,Sunshine West,879,1
213011339,Sydenham,993,5
213011340,Taylors Lakes,1055,8
213021341,Altona,1034,7
213021342,Altona Meadows,980,4
213021343,Altona North,949,3
213021344,Newport,1073,9
213021345,Seabrook,1019,6
213021346,Williamstown,1067,9
213031347,Braybrook,900,1
213031348,Footscray,962,3
213031349,Maribyrnong,1052,8
213031350,Seddon - Kingsville,1048,8
213031351,West Footscray - Tottenham,996,5
213031352,Yarraville,1069,9
213041353,Bacchus Marsh,1007,5
213041355,Hillside,1052,8
213041356,Melton,926,2
213041357,Melton South,950,3
213041358,Melton West,967,3
213041359,Rockbank - Mount Cottrell,909,2
213041360,Taylors Hill,1042,7
213041461,Burnside,971,4
213041462,Burnside Heights,1018,6
213041463,Caroline Springs,1035,7
213051361,Hoppers Crossing - North,992,5
213051362,Hoppers Crossing - South,962,3
213051363,Laverton,988,5
213051365,Tarneit,1020,6
213051366,Truganina,1025,6
213051368,Werribee - South,984,4
213051369,Wyndham Vale,988,5
213051464,Point Cook - East,1076,9
213051465,Point Cook - North,1062,8
213051466,Point Cook - South,1082,9
213051467,Werribee - East,908,2
213051468,Werribee - West,999,5
214011370,Carrum Downs,979,4
214011371,Frankston,962,3
214011372,Frankston North,916,2
214011373,Frankston South,1075,9
214011374,Langwarrin,1046,7
214011375,Seaford (Vic.),994,5
214011376,Skye - Sandhurst,1057,8
214021377,Dromana,1014,6
214021378,Flinders,1084,9
214021379,Hastings - Somers,992,5
214021380,Mornington,1022,6
214021381,Mount Eliza,1110,10
214021382,Mount Martha,1087,9
214021383,Point Nepean,1014,6
214021384,Rosebud - McCrae,962,3
214021385,Somerville,1035,7
215011386,Ararat,915,2
215011387,Ararat Region,1006,5
215011388,Horsham,971,4
215011389,Horsham Region,1025,6
215011390,Nhill Region,956,3
215011391,St Arnaud,941,3
215011392,Stawell,936,2
215011393,West Wimmera,976,4
215011394,Yarriambiack,940,2
215021395,Irymple,1018,6
215021396,Merbein,948,3
215021398,Mildura Region,973,4
215021399,Red Cliffs,928,2
215021469,Mildura - North,886,1
215021470,Mildura - South,945,3
215031400,Buloke,967,3
215031401,Gannawarra,968,3
215031402,Kerang,938,2
215031403,Robinvale,871,1
215031404,Swan Hill,952,3
215031405,Swan Hill Region,978,4
216011406,Echuca,972,4
216011407,Kyabram,965,3
216011408,Lockington - Gunbower,1007,5
216011409,Rochester,954,3
216011410,Rushworth,937,2
216021411,Cobram,913,2
216021412,Moira,985,4
216021413,Numurkah,956,3
216021414,Yarrawonga,961,3
216031415,Mooroopna,896,1
216031416,Shepparton - North,952,3
216031417,Shepparton - South,933,2
216031418,Shepparton Region - East,1031,7
216031419,Shepparton Region - West,980,4
217011420,Glenelg (Vic.),968,4
217011421,Hamilton (Vic.),976,4
217011422,Portland,929,2
217011423,Southern Grampians,1018,6
217031471,Camperdown,951,3
217031472,Colac,931,2
217031473,Colac Region,1008,5
217031474,Corangamite - North,962,3
217031475,Corangamite - South,1002,5
217031476,Otway,995,5
217041477,Moyne - East,1008,5
217041478,Moyne - West,1020,6
217041479,Warrnambool - North,986,4
217041480,Warrnambool - South,986,4
301011001,Alexandra Hills,1015,6
301011002,Belmont - Gumdale,1089,9
301011003,Birkdale,1049,8
301011004,Capalaba,1013,6
301011005,Thorneside,998,5
301011006,Wellington Point,1066,9
301021007,Cleveland,1011,6
301021008,Ormiston,1064,8
301021009,Redland Bay,1044,7
301021011,Sheldon - Mount Cotton,1096,10
301021012,Thornlands,1070,9
301021013,Victoria Point,1023,6
301021527,Redland Islands,851,1
301031015,Manly - Lota,1046,7
301031016,Manly West,1042,7
301031017,Murarrie,1055,8
301031018,Tingalpa,1041,7
301031019,Wakerley,1112,10
301031020,Wynnum,1016,6
301031021,Wynnum West - Hemmant,997,5
302011022,Bald Hills,1039,7
302011023,Bridgeman Downs,1109,10
302011024,Carseldine,1057,8
302011025,Everton Park,1057,8
302011026,McDowall,1099,10
302021027,Aspley,1052,8
302021028,Chermside,975,4
302021029,Chermside West,1065,8
302021030,Geebung,1052,8
302021031,Kedron - Gordon Park,1066,9
302021032,Stafford,1009,6
302021033,Stafford Heights,1032,7
302021034,Wavell Heights,1082,9
302031035,Boondall,1024,6
302031036,Brisbane Airport,1095,10
302031037,Eagle Farm - Pinkenba,1056,8
302031038,Northgate - Virginia,1045,7
302031039,Nudgee - Banyo,1043,7
302031040,Nundah,1038,7
302041041,Bracken Ridge,1035,7
302041042,Brighton (Qld),1033,7
302041043,Deagon,981,4
302041044,Sandgate - Shorncliffe,1031,7
302041045,Taigum - Fitzgibbon,1010,6
302041046,Zillmere,941,3
303011047,Camp Hill,1101,10
303011048,Cannon Hill,1065,8
303011049,Carina,1058,8
303011050,Carina Heights,1023,6
303011051,Carindale,1092,10
303021052,Annerley,1037,7
303021053,Coorparoo,1081,9
303021054,Fairfield - Dutton Park,1036,7
303021055,Greenslopes,1054,8
303021056,Holland Park,1037,7
303021057,Holland Park West,1075,9
303021058,Woolloongabba,1020,6
303021059,Yeronga,1068,9
303031060,Eight Mile Plains,1041,7
303031061,Macgregor (Qld),998,5
303031062,Mansfield (Qld),1041,7
303031063,Mount Gravatt,1031,7
303031064,Rochedale - Burbank,1100,10
303031065,Upper Mount Gravatt,1006,5
303031066,Wishart,1061,8
303041067,Coopers Plains,968,4
303041068,Moorooka,1032,7
303041069,Robertson,1007,5
303041070,Salisbury - Nathan,1037,7
303041071,Tarragindi,1096,10
303051072,Algester,1017,6
303051073,Calamvale - Stretton,1049,8
303051074,Pallara - Willawong,1050,8
303051075,Parkinson - Drewvale,1066,9
303051076,Rocklea - Acacia Ridge,887,1
303061077,Kuraby,1034,7
303061078,Runcorn,1005,5
303061079,Sunnybank,973,4
303061080,Sunnybank Hills,1004,5
304011081,Jindalee - Mount Ommaney,1089,10
304011082,Middle Park - Jamboree Heights,1071,9
304011083,Riverhills,1061,8
304011084,Seventeen Mile Rocks - Sinnamon Park,1095,10
304011085,Westlake,1108,10
304021086,Bellbowrie - Moggill,1097,10
304021087,Brookfield - Kenmore Hills,1116,10
304021088,Chapel Hill,1114,10
304021089,Fig Tree Pocket,1127,10
304021090,Kenmore,1098,10
304021091,Pinjarra Hills - Pullenvale,1126,10
304031092,Chelmer - Graceville,1117,10
304031093,Corinda,1064,8
304031094,Indooroopilly,1068,9
304031095,Sherwood,1081,9
304031096,St Lucia,1036,7
304031097,Taringa,1078,9
304041098,Enoggera,1045,7
304041099,Enoggera Reservoir,-,-
304041100,Keperra,989,5
304041101,Mitchelton,1059,8
304041103,The Gap,1100,10
304041104,Upper Kedron - Ferny Grove,1091,10
305011105,Brisbane City,1025,6
305011106,Fortitude Valley,1038,7
305011107,Highgate Hill,1025,6
305011108,Kangaroo Point,1059,8
305011109,New Farm,1069,9
305011110,South Brisbane,1038,7
305011111,Spring Hill,979,4
305011112,West End,1044,7
305021113,Balmoral,1092,10
305021114,Bulimba,1105,10
305021115,East Brisbane,1060,8
305021116,Hawthorne,1110,10
305021117,Morningside - Seven Hills,1070,9
305021118,Norman Park,1108,10
305031119,Albion,1084,9
305031120,Alderley,1090,10
305031121,Ascot,1082,9
305031122,Clayfield,1071,9
305031123,Grange,1113,10
305031124,Hamilton (Qld),1090,10
305031125,Hendra,1093,10
305031126,Kelvin Grove - Herston,1013,6
305031127,Newmarket,1062,8
305031128,Newstead - Bowen Hills,1102,10
305031129,Wilston,1103,10
305031130,Windsor,1070,9
305031131,Wooloowin - Lutwyche,1064,8
305041132,Ashgrove,1109,10
305041133,Auchenflower,1102,10
305041134,Bardon,1115,10
305041135,Paddington - Milton,1103,10
305041136,Red Hill (Qld),1084,9
305041137,Toowong,1087,9
306011138,Brinsmead,1074,9
306011139,Clifton Beach - Kewarra Beach,1039,7
306011140,Freshwater - Stratford,1046,7
306011141,Redlynch,1065,8
306011142,Trinity Beach - Smithfield,1037,7
306011143,Yorkeys Knob - Machans Beach,973,4
306021144,Bentley Park,979,4
306021145,Cairns City,959,3
306021146,Earlville - Bayview Heights,994,5
306021147,Edmonton,956,3
306021148,Gordonvale - Trinity,985,4
306021149,Kanimbla - Mooroobool,985,4
306021151,Manoora,795,1
306021152,Manunda,829,1
306021153,Mount Sheridan,1025,6
306021154,Westcourt - Bungalow,854,1
306021155,White Rock,928,2
306021156,Whitfield - Edge Hill,1018,6
306021157,Woree,868,1
306031158,Babinda,967,3
306031159,Innisfail,879,1
306031160,Johnstone,965,3
306031161,Tully,944,3
306031163,Yarrabah,518,1
306041164,Daintree,953,3
306041165,Port Douglas,1017,6
306051166,Atherton,958,3
306051167,Herberton,866,1
306051168,Kuranda,976,4
306051169,Malanda - Yungaburra,992,5
306051170,Mareeba,919,2
307011171,Balonne,973,4
307011172,Chinchilla,964,3
307011173,Goondiwindi,999,5
307011174,Inglewood - Waggamba,937,2
307011175,Miles - Wandoan,975,4
307011176,Roma,1001,5
307011177,Roma Region,989,5
307011178,Tara,859,1
307021179,Crows Nest - Rosalie,944,3
307021180,Jondaryan,949,3
307021181,Millmerran,938,2
307021182,Pittsworth,991,5
307021183,Wambo,974,4
307031184,Clifton - Greenmount,989,5
307031185,Southern Downs - East,980,4
307031186,Southern Downs - West,956,3
307031187,Stanthorpe,910,2
307031188,Stanthorpe Region,955,3
307031189,Warwick,922,2
308011190,Central Highlands - East,924,2
308011191,Central Highlands - West,993,5
308011192,Emerald,1024,6
308031205,Berserker,877,1
308031206,Bouldercombe,968,4
308031207,Emu Park,940,2
308031208,Frenchville - Mount Archer,1008,5
308031209,Glenlee - Rockyview,1072,9
308031210,Gracemere,959,3
308031211,Lakes Creek,905,2
308031212,Mount Morgan,784,1
308031213,Norman Gardens,1005,5
308031214,Park Avenue,926,2
308031215,Parkhurst - Kawana,955,3
308031216,Rockhampton - West,946,3
308031217,Rockhampton City,828,1
308031218,Rockhampton Region - East,985,4
308031219,Rockhampton Region - North,986,4
308031220,Rockhampton Region - West,1012,6
308031222,The Range - Allenstown,995,5
308031223,Yeppoon,994,5
308041528,Banana,997,5
308041529,Biloela,996,5
308051530,Agnes Water - Miriam Vale,922,2
308051531,Boyne Island - Tannum Sands,1014,6
308051533,Clinton - New Auckland,995,5
308051534,Gladstone,917,2
308051535,Gladstone Hinterland,994,5
308051536,Kin Kora - Sun Valley,985,4
308051538,Telina - Toolooa,1002,5
308051539,West Gladstone,932,2
309011224,Broadbeach Waters,1061,8
309011225,Burleigh Heads,1028,6
309011226,Burleigh Waters,1036,7
309011227,Mermaid Beach - Broadbeach,1030,7
309011228,Mermaid Waters,1024,6
309011229,Miami,1030,7
309021230,Coolangatta,973,4
309021231,Currumbin - Tugun,1014,6
309021232,Currumbin Waters,1013,6
309021233,Elanora,1031,7
309021234,Palm Beach,1006,5
309031235,Arundel,1023,6
309031236,Biggera Waters,980,4
309031237,Coombabah,955,3
309031238,Labrador,931,2
309031239,Paradise Point - Hollywell,1054,8
309031240,Runaway Bay,1033,7
309041241,Guanaba - Springbrook,1031,7
309041242,Tamborine - Canungra,1038,7
309051243,Currumbin Valley - Tallebudgera,1062,8
309051244,Mudgeeraba - Bonogin,1051,8
309051245,Reedy Creek - Andrews,1060,8
309061246,Carrara,1026,6
309061247,Highland Park,1010,6
309061248,Nerang - Mount Nathan,981,4
309061249,Pacific Pines - Gaven,1033,7
309061250,Worongary - Tallai,1056,8
309071251,Coomera,1019,6
309071252,Helensvale,1043,7
309071253,Hope Island,1076,9
309071254,Jacobs Well - Alberton,1011,6
309071255,Ormeau - Yatala,1044,7
309071256,Oxenford - Maudsland,1034,7
309071257,Pimpama,993,5
309071258,Upper Coomera - Willow Vale,1027,6
309081259,Clear Island Waters,1067,9
309081260,Merrimac,1004,5
309081261,Robina,1045,7
309081262,Varsity Lakes,1011,6
309091263,Ashmore,1018,6
309091264,Molendinar,1005,5
309091265,Parkwood,1030,7
309091540,Southport - North,928,2
309091541,Southport - South,973,4
309101267,Benowa,1054,8
309101268,Bundall,1065,8
309101269,Main Beach,1061,8
309101270,Surfers Paradise,979,4
310011271,Darra - Sumner,955,3
310011272,Durack,922,2
310011273,Forest Lake - Doolandella,1020,6
310011274,Inala - Richlands,754,1
310011275,Oxley (Qld),1052,8
310011276,Wacol,763,1
310021277,Boonah,987,4
310021278,Esk,922,2
310021280,Lockyer Valley - East,934,2
310021281,Lowood,931,2
310021282,Rosewood,974,4
310031283,Brassall,941,3
310031284,Bundamba,920,2
310031285,Churchill - Yamanto,989,5
310031286,Ipswich - Central,931,2
310031287,Ipswich - East,917,2
310031288,Ipswich - North,1049,8
310031289,Karalee - Barellan Point,1080,9
310031290,Karana Downs,1092,10
310031291,Leichhardt - One Mile,844,1
310031292,North Ipswich - Tivoli,923,2
310031293,Raceview,972,4
310031294,Ripley,1068,9
310031295,Riverview,780,1
310041296,Bellbird Park - Brookwater,1043,7
310041297,Camira - Gailes,976,4
310041299,Collingwood Park - Redbank,952,3
310041300,Goodna,859,1
310041302,Redbank Plains,918,2
310041303,Springfield,1027,6
310041304,Springfield Lakes,1056,8
311011305,Beaudesert,924,2
311021306,Beenleigh,860,1
311021307,Eagleby,858,1
311021308,Edens Landing - Holmview,974,4
311021309,Mount Warren Park,973,4
311021310,Wolffdene - Bahrs Scrub,1045,7
311031311,Boronia Heights - Park Ridge,945,3
311031312,Browns Plains,931,2
311031313,Chambers Flat - Logan Reserve,999,5
311031314,Crestmead,897,1
311031316,Hillcrest,999,5
311031317,Marsden,879,1
311031318,Munruben - Park Ridge South,1038,7
311031319,Regents Park - Heritage Park,1004,5
311041320,Greenbank,1043,7
311041321,Jimboomba,1023,6
311041322,Logan Village,1037,7
311051323,Bethania - Waterford,948,3
311051324,Cornubia - Carbrook,1072,9
311051325,Loganholme - Tanah Merah,1024,6
311051326,Loganlea,900,1
311051327,Shailer Park,1070,9
311051328,Waterford West,896,1
311061329,Daisy Hill,1045,7
311061330,Kingston (Qld.),810,1
311061331,Logan Central,731,1
311061332,Rochedale South - Priestdale,1048,8
311061333,Slacks Creek,883,1
311061334,Springwood,1038,7
311061335,Underwood,1035,7
311061336,Woodridge,766,1
312011337,Bowen,916,2
312011338,Broadsound - Nebo,993,5
312011339,Clermont,1017,6
312011340,Collinsville,936,2
312011341,Moranbah,1041,7
312021342,Andergrove - Beaconsfield,982,4
312021343,East Mackay,958,3
312021344,Eimeo - Rural View,1024,6
312021346,Mackay,874,1
312021347,Mackay Harbour,1052,8
312021348,Mount Pleasant - Glenella,1050,8
312021349,North Mackay,928,2
312021350,Ooralea - Bakers Creek,1026,6
312021351,Pioneer Valley,997,5
312021352,Sarina,958,3
312021353,Seaforth - Calen,995,5
312021354,Shoal Point - Bucasia,1003,5
312021355,Slade Point,932,2
312021356,South Mackay,925,2
312021357,Walkerston - Eton,1026,6
312021358,West Mackay,977,4
312031359,Airlie - Whitsundays,1011,6
312031361,Proserpine,981,4
313011362,Beachmere - Sandstone Point,956,3
313011363,Bribie Island,939,2
313021364,Burpengary - East,1057,8
313021365,Caboolture,893,1
313021366,Caboolture - South,889,1
313021367,Elimbah,1031,7
313021368,Morayfield - East,936,2
313021369,Wamuran,1042,7
313031370,Kilcoy,929,2
313031371,Woodford - D'Aguilar,984,4
313041372,Burpengary,1000,5
313041373,Deception Bay,901,1
313041374,Morayfield,1053,8
313041375,Narangba,1050,8
313041376,Upper Caboolture,1049,8
313051377,Clontarf,966,3
313051378,Margate - Woody Point,934,2
313051379,Redcliffe,929,2
313051380,Rothwell - Kippa-Ring,941,3
313051542,Scarborough - Newport - Moreton Island,1020,6
314011382,Albany Creek,1086,9
314011383,Cashmere,1090,10
314011384,Dayboro,1080,9
314011385,Eatons Hill,1115,10
314011386,The Hills District,1085,9
314011387,Samford Valley,1112,10
314021388,Dakabin - Kallangur,966,3
314021389,Murrumba Downs - Griffin,1040,7
314021390,North Lakes - Mango Hill,1051,8
314031391,Bray Park,1000,5
314031392,Lawnton,965,3
314031393,Petrie,1026,6
314031394,Strathpine - Brendale,964,3
315011395,Aurukun,504,1
315011396,Cape York,783,1
315011397,Croydon - Etheridge,919,2
315011398,Kowanyama - Pormpuraaw,612,1
315011399,Northern Peninsula,694,1
315011400,Tablelands,941,3
315011401,Torres,901,1
315011402,Torres Strait Islands,672,1
315011403,Weipa,1064,8
315021404,Carpentaria,717,1
315021405,Mount Isa,991,5
315021406,Mount Isa Region,949,3
315021407,Northern Highlands,979,4
315031408,Barcaldine - Blackall,979,4
315031409,Charleville,943,3
315031410,Far Central West,946,3
315031411,Far South West,925,2
315031412,Longreach,999,5
316011413,Buderim - North,1042,7
316011414,Buderim - South,1059,8
316011415,Mountain Creek,1039,7
316011416,Sippy Downs,998,5
316021417,Aroona - Currimundi,1002,5
316021418,Buddina - Minyama,1024,6
316021419,Caloundra - Kings Beach,926,2
316021420,Caloundra - West,1014,6
316021421,Golden Beach - Pelican Waters,1022,6
316021422,Moffat Beach - Battery Hill,1002,5
316021423,Parrearra - Warana,1028,6
316021424,Wurtulla - Birtinya,1028,6
316031425,Coolum Beach,1026,6
316031426,Marcoola - Mudjimba,1017,6
316031427,Maroochydore - Kuluin,984,4
316031428,Mooloolaba - Alexandra Headland,1018,6
316051434,Noosa Heads,1057,8
316051435,Noosaville,1025,6
316051437,Sunshine Beach,1044,7
316051438,Tewantin,980,4
316051543,Peregian Beach - Marcus Beach,1047,7
316051544,Peregian Springs,1057,8
316061439,Beerwah,980,4
316061440,Caloundra Hinterland,1004,5
316061441,Glass House Mountains,1014,6
316061442,Landsborough,1014,6
316061443,Maroochy Hinterland,1014,6
316061444,Palmwoods,1038,7
316071545,Bli Bli,1027,6
316071546,Diddillibah - Rosemount,1039,7
316071547,Eumundi - Yandina,1020,6
316071548,Nambour,952,3
316081549,Noosa Hinterland,1012,6
317011445,Cambooya - Wyreema,1059,8
317011446,Darling Heights,956,3
317011447,Drayton - Harristown,924,2
317011448,Gatton,897,1
317011449,Gowrie (Qld),1040,7
317011450,Highfields,1083,9
317011451,Lockyer Valley - West,1001,5
317011452,Middle Ridge,1084,9
317011453,Newtown (Qld),917,2
317011454,North Toowoomba - Harlaxton,934,2
317011455,Rangeville,1046,7
317011456,Toowoomba - Central,959,3
317011457,Toowoomba - East,1045,7
317011458,Toowoomba - West,1039,7
317011459,Wilsonton,913,2
318011460,Ayr,946,3
318011461,Burdekin,980,4
318011462,Charters Towers,909,2
318011463,Dalrymple,968,4
318011464,Ingham,924,2
318011465,Ingham Region,985,4
318011466,Palm Island,562,1
318021467,Aitkenvale,940,2
318021468,Annandale,1077,9
318021469,Belgian Gardens - Pallarenda,1016,6
318021470,Bohle Plains,1071,9
318021471,Condon - Rasmussen,930,2
318021472,Cranbrook,959,3
318021473,Deeragun,1020,6
318021474,Douglas,1071,9
318021475,Garbutt - West End,902,1
318021476,Gulliver - Currajong - Vincent,919,2
318021477,Heatley,895,1
318021478,Hermit Park - Rosslea,955,3
318021479,Hyde Park - Pimlico,932,2
318021480,Kelso,937,2
318021481,Kirwan - East,916,2
318021482,Kirwan - West,1024,6
318021483,Magnetic Island,951,3
318021484,Mount Louisa,1036,7
318021485,Mundingburra,990,5
318021486,Northern Beaches,974,4
318021487,Oonoonba,1057,8
318021488,South Townsville - Railway Estate,970,4
318021489,Townsville - South,1011,6
318021490,Townsville City - North Ward,1039,7
318021491,Wulguru - Roseneath,942,3
319011492,Ashfield - Kepnock,938,2
319011493,Bargara - Burnett Heads,983,4
319011494,Branyan - Kensington,984,4
319011495,Bundaberg,816,1
319011496,Bundaberg East - Kalkie,948,3
319011497,Bundaberg North - Gooburrum,916,2
319011498,Bundaberg Region - North,940,2
319011499,Bundaberg Region - South,929,2
319011500,Millbank - Avoca,934,2
319011501,Svensson Heights - Norville,885,1
319011502,Walkervale - Avenell Heights,887,1
319021503,Gayndah - Mundubbera,915,2
319021504,Gin Gin,862,1
319021505,Kingaroy,929,2
319021506,Kingaroy Region - North,835,1
319021507,Kingaroy Region - South,984,4
319021508,Monto - Eidsvold,916,2
319021509,Nanango,861,1
319031511,Cooloola,880,1
319031512,Gympie - North,881,1
319031513,Gympie - South,935,2
319031514,Gympie Region,954,3
319031515,Kilkivan,919,2
319041516,Booral - River Heads,957,3
319041517,Craignish - Dundowran Beach,1015,6
319041518,Pialba - Eli Waters,923,2
319041519,Point Vernon,915,2
319041520,Torquay - Scarness - Kawungan,894,1
319041521,Urangan - Wondunna,937,2
319051522,Burrum - Fraser,893,1
319051523,Granville,870,1
319051524,Maryborough (Qld),866,1
319051525,Maryborough Region - South,899,1
319051526,Tinana,977,4
401011001,Adelaide,986,4
401011002,North Adelaide,1068,9
401021003,Adelaide Hills,1066,9
401021004,Aldgate - Stirling,1102,10
401021005,Hahndorf - Echunga,1069,9
401021006,Lobethal - Woodside,1042,7
401021007,Mount Barker,1019,6
401021008,Mount Barker Region,1045,7
401021009,Nairne,1034,7
401021010,Uraidla - Summertown,1090,10
401031011,Burnside - Wattle Park,1081,9
401031012,Glenside - Beaumont,1097,10
401031013,Toorak Gardens,1071,9
401041014,Athelstone,1066,8
401041015,Paradise - Newton,984,4
401041016,Rostrevor - Magill,1016,6
401051017,Norwood (SA),1028,6
401051018,Payneham - Felixstow,1001,5
401051019,St Peters - Marden,1057,8
401061020,Nailsworth - Broadview,1053,8
401061021,Prospect,1043,7
401061022,Walkerville,1072,9
401071023,Goodwood - Millswood,1068,9
401071024,Unley - Parkside,1065,8
402011025,Gawler - North,1024,6
402011026,Gawler - South,955,3
402011027,Lewiston - Two Wells,995,5
402021028,Craigmore - Blakeview,969,4
402021029,Davoren Park,793,1
402021030,Elizabeth,687,1
402021031,Elizabeth East,844,1
402021032,Munno Para West - Angle Vale,961,3
402021033,One Tree Hill,1081,9
402021034,Smithfield - Elizabeth North,744,1
402021035,Virginia - Waterloo Corner,927,2
402031036,Enfield - Blair Athol,882,1
402031037,Northgate - Oakden - Gilles Plains,989,5
402031038,Windsor Gardens,988,5
402041040,Ingle Farm,948,3
402041041,Para Hills,973,4
402041043,Parafield Gardens,894,1
402041044,Paralowie,908,2
402041046,Salisbury,819,1
402041047,Salisbury East,951,3
402041048,Salisbury North,847,1
402041171,Mawson Lakes - Globe Derby Park,1047,7
402041172,Pooraka - Cavan,919,2
402051049,Golden Grove,1051,8
402051050,Greenwith,1046,7
402051051,Highbury - Dernancourt,1067,9
402051052,Hope Valley - Modbury,980,4
402051053,Modbury Heights,1033,7
402051054,Redwood Park,1047,7
402051055,St Agnes - Ridgehaven,1024,6
403011056,Brighton (SA),1044,7
403011057,Glenelg (SA),1043,7
403021058,Edwardstown,974,4
403021059,Hallett Cove,1062,8
403021060,Marino - Seaview Downs,1057,8
403021061,Mitchell Park,951,3
403021062,Morphettville,983,4
403021063,Sheidow Park - Trott Park,1066,8
403021064,Warradale,970,4
403031065,Belair,1102,10
403031066,Bellevue Heights,1049,8
403031067,Blackwood,1090,10
403031068,Colonel Light Gardens,1059,8
403031069,Mitcham (SA),1085,9
403031070,Panorama,1012,6
403041071,Aberfoyle Park,1055,8
403041072,Aldinga,962,3
403041073,Christie Downs,852,1
403041074,Christies Beach,929,2
403041075,Clarendon,1089,10
403041076,Coromandel Valley,1102,10
403041077,Flagstaff Hill,1079,9
403041078,Hackham - Onkaparinga Hills,985,4
403041079,Hackham West - Huntfield Heights,851,1
403041080,Happy Valley,1047,7
403041082,Lonsdale,-,-
403041083,McLaren Vale,1051,8
403041084,Morphett Vale - East,949,3
403041085,Morphett Vale - West,903,1
403041086,Reynella,992,5
403041087,Seaford (SA),994,5
403041088,Willunga,1053,8
403041089,Woodcroft,1035,7
404011090,Beverley,986,4
404011091,Flinders Park,983,4
404011092,Henley Beach,1043,7
404011093,Hindmarsh - Brompton,981,4
404011094,Royal Park - Hendon - Albert Park,939,2
404011095,Seaton - Grange,969,4
404011096,West Lakes,1021,6
404011097,Woodville - Cheltenham,932,2
404021099,Largs Bay - Semaphore,998,5
404021100,North Haven,960,3
404021101,Port Adelaide,894,1
404021102,The Parks,845,1
404031105,Fulham,1034,7
404031106,Lockleys,1016,6
404031107,Plympton,1002,5
404031108,Richmond (SA),978,4
404031109,West Beach,1065,8
405011110,Barossa - Angaston,1008,5
405011111,Light,1001,5
405011112,Lyndoch,1041,7
405011113,Mallala,951,3
405011114,Nuriootpa,985,4
405011115,Tanunda,1011,6
405021116,Clare,1007,5
405021117,Gilbert Valley,995,5
405021118,Goyder,947,3
405021119,Wakefield - Barunga West,937,2
405031120,Jamestown,982,4
405031121,Peterborough - Mount Remarkable,922,2
405031122,Port Pirie,867,1
405031123,Port Pirie Region,965,3
405041124,Kadina,930,2
405041125,Moonta,936,2
405041126,Wallaroo,885,1
405041127,Yorke Peninsula - North,954,3
405041128,Yorke Peninsula - South,948,3
406011129,Ceduna,961,3
406011130,Eyre Peninsula,992,5
406011131,Kimba - Cleve - Franklin Harbour,1002,5
406011132,Le Hunte - Elliston,991,5
406011133,Port Lincoln,964,3
406011134,West Coast (SA),957,3
406011135,Western,-,-
406011136,Whyalla,881,1
406021138,APY Lands,589,1
406021139,Coober Pedy,879,1
406021140,Quorn - Lake Gilles,928,2
406021141,Outback,925,2
406021142,Port Augusta,887,1
406021143,Roxby Downs,1042,7
407011144,Goolwa - Port Elliot,959,3
407011145,Kangaroo Island,970,4
407011146,Strathalbyn,993,5
407011147,Strathalbyn Region,1019,6
407011148,Victor Harbor,958,3
407011149,Yankalilla,977,4
407021150,Grant,1006,5
407021151,Kingston - Robe,987,4
407021152,Millicent,907,2
407021154,Naracoorte,949,3
407021155,Naracoorte Region,1042,7
407021156,Penola,953,3
407021157,Tatiara,989,5
407021158,Wattle Range,979,4
407021173,Mount Gambier - East,947,3
407021174,Mount Gambier - West,924,2
407031159,Barmera,934,2
407031160,Berri,873,1
407031161,Karoonda - Lameroo,978,4
407031162,Loxton,954,3
407031163,Loxton Region,972,4
407031164,Mannum,923,2
407031165,Murray Bridge,875,1
407031166,Murray Bridge Region,992,5
407031167,Renmark,851,1
407031168,Renmark Region,980,4
407031169,The Coorong,933,2
407031170,Waikerie,930,2
501011001,Augusta,1017,6
501011002,Busselton,994,5
501011003,Busselton Region,1065,8
501011004,Margaret River,1031,7
501021005,Australind - Leschenault,1022,6
501021007,Capel,1000,5
501021008,College Grove - Carey Park,902,1
501021009,Collie,918,2
501021010,Dardanup,1039,7
501021012,Eaton - Pelican Point,1008,5
501021014,Harvey,975,4
501021015,East Bunbury - Glen Iris,964,3
501021016,Waroona,945,3
501021251,Dalyellup,1017,6
501021252,Gelorup - Stratham,1081,9
501021253,South Bunbury - Bunbury,1006,5
501021254,Withers - Usher,860,1
501031017,Bridgetown - Boyup Brook,981,4
501031018,Donnybrook - Balingup,996,5
501031019,Manjimup,953,3
501031020,Pemberton,974,4
502011021,Dawesville - Bouvard,1003,5
502011022,Falcon - Wannanup,992,5
502011023,Greenfields,918,2
502011024,Halls Head - Erskine,1012,6
502011025,Mandurah,880,1
502011026,Mandurah - East,974,4
502011027,Mandurah - North,1015,6
502011028,Mandurah - South,916,2
502011029,Pinjarra,950,3
503011030,City Beach,1127,10
503011031,Claremont (WA),1087,9
503011032,Cottesloe,1122,10
503011033,Floreat,1131,10
503011034,Mosman Park - Peppermint Grove,1085,9
503011035,Nedlands - Dalkeith - Crawley,1102,10
503011036,Swanbourne - Mount Claremont,1109,10
503021037,Kings Park (WA),-,-
503021038,Mount Hawthorn - Leederville,1088,9
503021039,Mount Lawley - Inglewood,1078,9
503021040,North Perth,1069,9
503021041,Perth City,1048,8
503021042,Subiaco - Shenton Park,1084,9
503021043,Wembley - West Leederville - Glendalough,1066,9
504011044,Bassendean - Eden Hill - Ashfield,1009,5
504011045,Bayswater - Embleton - Bedford,1032,7
504011046,Maylands,1025,6
504011047,Morley,1000,5
504011048,Noranda,1036,7
504021049,Chidlow,1030,7
504021050,Glen Forrest - Darlington,1092,10
504021051,Helena Valley - Koongamia,1034,7
504021053,Mundaring,1053,8
504021054,Swan View - Greenmount - Midvale,975,4
504031056,Ballajura,993,5
504031057,Beechboro,985,4
504031058,Bullsbrook,1024,6
504031059,Ellenbrook,1027,6
504031060,Gidgegannup,1072,9
504031061,Hazelmere - Guildford,1026,6
504031062,Lockridge - Kiara,987,4
504031065,Middle Swan - Herne Hill,970,4
504031066,Midland - Guildford,941,3
504031067,Stratton - Jane Brook,998,5
504031068,The Vines,1067,9
505011070,Craigie - Beldon,1031,7
505011071,Currambine - Kinross,1066,8
505011072,Duncraig,1100,10
505011073,Greenwood - Warwick,1061,8
505011074,Heathridge - Connolly,1054,8
505011075,Hillarys,1103,10
505011076,Iluka - Burns Beach,1124,10
505011077,Joondalup - Edgewater,1046,7
505011078,Kingsley,1076,9
505011079,Mullaloo - Kallaroo,1090,10
505011080,Ocean Reef,1089,10
505011081,Padbury,1060,8
505011082,Sorrento - Marmion,1111,10
505011083,Woodvale,1089,10
505021084,Balcatta - Hamersley,1012,6
505021085,Balga - Mirrabooka,869,1
505021086,Dianella,1026,6
505021088,Innaloo - Doubleview,1049,8
505021089,Karrinyup - Gwelup - Carine,1102,10
505021090,Nollamara - Westminster,960,3
505021092,Scarborough,1071,9
505021093,Stirling - Osborne Park,1047,8
505021094,Trigg - North Beach - Watermans Bay,1080,9
505021095,Tuart Hill - Joondanna,1019,6
505021096,Wembley Downs - Churchlands - Woodlands,1099,10
505021097,Yokine - Coolbinia - Menora,1044,7
505031098,Alexander Heights - Koondoola,929,2
505031099,Butler - Merriwa - Ridgewood,982,4
505031100,Carramar,1039,7
505031101,Clarkson,998,5
505031102,Girrawheen,867,1
505031103,Madeley - Darch - Landsdale,1068,9
505031104,Marangaroo,960,3
505031105,Mindarie - Quinns Rocks - Jindalee,1061,8
505031107,Tapping - Ashby - Sinagra,1067,9
505031108,Wanneroo,1033,7
505031255,Alkimos - Eglinton,1060,8
505031256,Carabooda - Pinjar,1025,6
505031257,Two Rocks,980,4
505031258,Yanchep,1002,5
506011110,Armadale - Wungong - Brookdale,890,1
506011112,Camillo - Champion Lakes,936,2
506011113,Forrestdale - Harrisdale - Piara Waters,1086,9
506011114,Kelmscott,958,3
506011115,Mount Nasura - Mount Richon - Bedfordale,1052,8
506011116,Roleystone,1073,9
506011117,Seville Grove,987,4
506021118,Belmont - Ascot - Redcliffe,993,5
506021119,East Victoria Park - Carlisle,1025,6
506021122,Rivervale - Kewdale - Cloverdale,980,4
506021123,Victoria Park - Lathlain - Burswood,1047,7
506031124,Bentley - Wilson - St James,956,3
506031125,Canning Vale - West,1076,9
506031127,Cannington - Queens Park,985,4
506031128,Parkwood - Ferndale - Lynwood,1012,6
506031129,Riverton - Shelley - Rossmoyne,1063,8
506031131,Willetton,1060,8
506041132,Beckenham - Kenwick - Langford,951,3
506041133,Canning Vale - East,1063,8
506041134,Gosnells,917,2
506041135,Huntingdale - Southern River,1038,7
506041136,Maddington - Orange Grove - Martin,932,2
506041137,Thornlie,997,5
506051138,Forrestfield - Wattle Grove,1017,6
506051139,High Wycombe,1008,5
506051140,Kalamunda - Maida Vale - Gooseberry Hill,1067,9
506051141,Lesmurdie - Bickley - Carmel,1069,9
506061142,Byford,1040,7
506061143,Mundijong,1048,8
506061144,Serpentine - Jarrahdale,1028,6
506071145,Como,1061,8
506071146,Manning - Waterford,1039,7
506071147,South Perth - Kensington,1084,9
507011148,Banjup,1082,9
507011152,Coogee,1056,8
507011153,Coolbellup,985,4
507011154,Hamilton Hill,952,3
507011158,North Coogee,1119,10
507011159,South Lake - Cockburn Central,1012,6
507011160,Spearwood,983,4
507011161,Success - Hammond Park,1066,9
507011163,Yangebup,1017,6
507011259,Beeliar - Wattleup,1044,7
507011260,Jandakot,1095,10
507021164,East Fremantle,1088,9
507021165,Fremantle,1032,7
507021166,Fremantle - South,1015,6
507031169,Bertram - Wellard (West),1026,6
507031170,Calista,893,1
507031172,Hope Valley - Postans,1041,7
507031174,Parmelia - Orelia,910,2
507031261,Casuarina - Wandi,1069,9
507041175,Applecross - Ardross,1102,10
507041176,Bateman,1089,9
507041177,Bicton - Palmyra,1053,8
507041178,Booragoon,1081,9
507041179,Bull Creek,1071,9
507041180,Leeming,1096,10
507041181,Melville,1088,9
507041182,Murdoch - Kardinya,1050,8
507041183,Willagee,961,3
507041184,Winthrop,1104,10
507051185,Baldivis,1045,7
507051186,Cooloongup,918,2
507051187,Port Kennedy,993,5
507051188,Rockingham,942,3
507051190,Safety Bay - Shoalwater,992,5
507051191,Singleton - Golden Bay - Secret Harbour,1049,8
507051192,Waikiki,983,4
507051193,Warnbro,966,3
509011225,Albany,976,4
509011226,Albany Region,1030,7
509011227,Bayonet Head - Lower King,1014,6
509011228,Denmark,1003,5
509011229,Gnowangerup,1024,6
509011230,Katanning,916,2
509011231,Kojonup,982,4
509011232,Little Grove - Elleker,1049,8
509011233,McKail - Willyung,962,3
509011234,Plantagenet,947,3
509021236,Chittering,1034,7
509021237,Cunderdin,955,3
509021238,Dowerin,967,3
509021239,Gingin - Dandaragan,984,4
509021240,Merredin,977,4
509021241,Moora,1002,5
509021242,Mukinbudin,977,4
509021243,Northam,942,3
509021244,Toodyay,996,5
509021245,York - Beverley,966,3
509031246,Brookton,951,3
509031247,Kulin,1015,6
509031248,Murray,982,4
509031249,Narrogin,954,3
509031250,Wagin,988,5
510011262,Broome,994,5
510011263,Derby - West Kimberley,726,1
510011264,Halls Creek,609,1
510011265,Kununurra,917,2
510011266,Roebuck,709,1
510021267,East Pilbara,681,1
510021268,Newman,1044,7
510021269,Port Hedland,1079,9
510021270,South Hedland,1001,5
510031271,Ashburton (WA),1046,7
510031272,Karratha,1052,8
510031273,Roebourne,979,4
511011274,Esperance,987,4
511011275,Esperance Region,1028,6
511021276,Carnarvon,940,3
511021277,Exmouth,990,5
511031278,Boulder,950,3
511031279,Kalgoorlie,1012,6
511031280,Kalgoorlie - North,1052,8
511031282,Kambalda - Coolgardie - Norseman,915,2
511031283,Leinster - Leonora,723,1
511041285,Geraldton,917,2
511041286,Geraldton - East,929,2
511041287,Geraldton - North,1020,6
511041288,Geraldton - South,1026,6
511041289,Irwin,976,4
511041290,Meekatharra,844,1
511041291,Morawa,974,4
511041292,Northampton - Mullewa - Greenough,967,3
601011001,Bridgewater - Gagebrook,702,1
601011002,Brighton - Pontville,978,4
601011003,Old Beach - Otago,1047,8
601021004,Bellerive - Rosny,1028,6
601021005,Cambridge,1080,9
601021006,Geilston Bay - Risdon,1034,7
601021007,Howrah - Tranmere,1060,8
601021008,Lindisfarne - Rose Bay,1036,7
601021009,Mornington - Warrane,852,1
601021010,Risdon Vale,848,1
601021011,Rokeby,840,1
601021012,South Arm,1067,9
601031013,Austins Ferry - Granton,1010,6
601031014,Berriedale - Chigwell,906,2
601031015,Claremont (Tas.),911,2
601031016,Derwent Park - Lutana,891,1
601031017,Glenorchy,847,1
601031018,Montrose - Rosetta,954,3
601031019,Moonah,897,1
601031020,New Norfolk,869,1
601031021,West Moonah,934,2
601041022,Kingston - Huntingfield,1010,6
601041023,Kingston Beach - Blackmans Bay,1054,8
601041024,Margate - Snug,1045,7
601041026,Taroona - Bonnet Hill,1084,9
601051027,Hobart,1017,6
601051028,Lenah Valley - Mount Stuart,1062,8
601051029,Mount Nelson - Dynnyrne,1062,8
601051030,New Town,982,4
601051031,Sandy Bay,1058,8
601051032,South Hobart - Fern Tree,1058,8
601051033,West Hobart,1056,8
601061034,Dodges Ferry - Lewisham,956,3
601061035,Sorell - Richmond,987,4
602011036,Invermay,863,1
602011037,Kings Meadows - Punchbowl,933,2
602011038,Launceston,1014,6
602011039,Legana,1034,7
602011040,Mowbray,824,1
602011041,Newnham - Mayfield,839,1
602011042,Newstead,986,4
602011043,Norwood (Tas.),1023,6
602011044,Prospect Vale - Blackstone,1001,5
602011045,Ravenswood,721,1
602011046,Riverside,1021,6
602011047,South Launceston,944,3
602011048,Summerhill - Prospect,960,3
602011049,Trevallyn,1042,7
602011050,Waverley - St Leonards,906,2
602011051,West Launceston,1022,6
602011052,Youngtown - Relbia,995,5
602021053,Beauty Point - Beaconsfield,895,1
602021054,Deloraine,939,2
602021055,Grindelwald - Lanena,1009,5
602021056,Hadspen - Carrick,1005,5
602021057,Westbury,967,3
602031058,Dilston - Lilydale,1013,6
602031059,George Town,859,1
602031060,Longford,944,3
602031061,Northern Midlands,921,2
602031062,Perth - Evandale,997,5
602031064,St Helens - Scamander,894,1
602031099,Flinders and Cape Barren Islands,967,3
602031100,Scottsdale - Bridport,917,2
603011065,Central Highlands,893,1
603011066,Derwent Valley,928,2
603011067,Southern Midlands,934,2
603021069,Bruny Island - Kettering,1018,6
603021070,Cygnet,965,3
603021071,Geeveston - Dover,915,2
603021072,Huonville - Franklin,982,4
603031073,Forestier - Tasman,917,2
603031074,Triabunna - Bicheno,939,2
604011075,Acton - Upper Burnie,854,1
604011076,Burnie - Ulverstone Region,987,4
604011077,Burnie - Wivenhoe,877,1
604011078,Parklands - Camdale,921,2
604011079,Penguin - Sulphur Creek,978,4
604011080,Romaine - Havenview,948,3
604011081,Somerset,917,2
604011082,Ulverstone,926,2
604011083,West Ulverstone,901,1
604011084,Wynyard,906,2
604021085,Devonport,887,1
604021086,East Devonport,821,1
604021087,Latrobe,940,2
604021088,Miandetta - Don,989,5
604021089,Port Sorell,991,5
604021090,Quoiba - Spreyton,1002,5
604021091,Sheffield - Railton,939,2
604021092,Turners Beach - Forth,1018,6
604031093,King Island,988,5
604031094,North West,966,3
604031095,Smithton,913,2
604031096,Waratah,964,3
604031097,West Coast (Tas.),869,1
701011002,Darwin City,1066,9
701011004,Fannie Bay - The Gardens,1087,9
701011005,Larrakeyah,1104,10
701011006,Ludmilla - The Narrows,954,3
701011007,Parap,1083,9
701011008,Stuart Park,1071,9
701011009,Woolner - Bayview - Winnellie,1116,10
701021010,Alawa,1009,5
701021011,Anula,1037,7
701021012,Berrimah,981,4
701021013,Brinkin - Nakara,1053,8
701021016,Coconut Grove,968,4
701021018,Jingili,1029,7
701021019,Karama,973,4
701021020,Leanyer,1050,8
701021021,Lyons (NT),1125,10
701021022,Malak - Marrara,992,5
701021023,Millner,1006,5
701021024,Moil,1012,6
701021025,Nightcliff,1057,8
701021026,Rapid Creek,1050,8
701021027,Tiwi,1018,6
701021028,Wagaman,981,4
701021029,Wanguri,1027,6
701021030,Wulagi,1039,7
701031031,Howard Springs,1069,9
701031032,Humpty Doo,1050,8
701031034,Virginia,1044,7
701031035,Weddell,1002,5
701041036,Bakewell,1032,7
701041037,Driver,1002,5
701041038,Durack - Marlow Lagoon,1096,10
701041039,Gray,908,2
701041040,Moulden,880,1
701041041,Palmerston - North,1086,9
701041042,Palmerston - South,1096,10
701041043,Rosebery - Bellamack,1073,9
701041044,Woodroffe,972,4
702011045,Charles,999,5
702011046,East Side,1006,5
702011047,Flynn (NT),997,5
702011048,Larapinta,1027,6
702011049,Mount Johns,1056,8
702011050,Petermann - Simpson,778,1
702011051,Ross,923,2
702011052,Sandover - Plenty,538,1
702011053,Tanami,547,1
702011054,Yuendumu - Anmatjere,438,1
702021055,Barkly,590,1
702021056,Tennant Creek,857,1
702031057,Alligator,904,2
702031058,Daly,683,1
702031059,Thamarrurr,421,1
702031060,Tiwi Islands,630,1
702031061,West Arnhem,527,1
702041062,Anindilyakwa,717,1
702041063,East Arnhem,576,1
702041064,Nhulunbuy,1064,8
702051065,Elsey,623,1
702051066,Gulf,575,1
702051067,Katherine,991,5
702051068,Victoria River,603,1
801011001,Aranda,1114,10
801011002,Belconnen,1040,7
801011003,Bruce,1107,10
801011004,Charnwood,982,4
801011005,Cook,1087,9
801011006,Dunlop,1072,9
801011007,Evatt,1075,9
801011008,Florey,1025,6
801011009,Flynn (ACT),1086,9
801011010,Fraser,1086,9
801011011,Giralang,1076,9
801011013,Hawker,1079,9
801011014,Higgins,1044,7
801011015,Holt,1014,6
801011016,Kaleen,1070,9
801011017,Latham,1053,8
801011018,Lawson,1041,7
801011019,Macgregor (ACT),1077,9
801011020,Macquarie,1037,7
801011021,McKellar,1069,9
801011022,Melba,1059,8
801011023,Page,1030,7
801011024,Scullin,1027,6
801011025,Spence,1057,8
801011026,Weetangera,1126,10
801031032,Kowen,1107,10
801031113,Canberra East,864,1
801031114,Canberra Airport,1057,8
801031115,Majura,1121,10
801041034,Amaroo,1100,10
801041035,Bonner,1098,10
801041036,Casey,1106,10
801041037,Crace,1139,10
801041038,Forde,1124,10
801041039,Franklin,1093,10
801041040,Gungahlin,1072,9
801041043,Hall,1096,10
801041044,Harrison,1103,10
801041046,Ngunnawal,1067,9
801041047,Nicholls,1110,10
801041048,Palmerston,1065,8
801041118,Jacka,1061,8
801041120,Moncrieff,1096,10
801051050,Ainslie,1056,8
801051051,Braddon,1086,9
801051053,Civic,1106,10
801051054,Dickson,1065,8
801051055,Downer,1030,7
801051056,Hackett,1086,9
801051057,Lyneham,1056,8
801051058,O'Connor (ACT),1075,9
801051060,Turner,1070,9
801051061,Watson,1072,9
801051124,Campbell,1120,10
801051125,Duntroon,1186,10
801051127,Reid,992,5
801061062,Deakin,1113,10
801061063,Forrest,1143,10
801061064,Griffith (ACT),1091,10
801061067,Narrabundah,1043,7
801061069,Red Hill (ACT),1088,9
801061070,Yarralumla,1111,10
801061129,Barton,1144,10
801061131,Kingston (ACT),1130,10
801071071,Banks,1063,8
801071072,Bonython,1062,8
801071073,Calwell,1074,9
801071074,Chisholm,1049,8
801071075,Conder,1066,8
801071076,Fadden,1132,10
801071077,Gilmore,1042,7
801071078,Gordon (ACT),1055,8
801071079,Gowrie (ACT),1076,9
801071080,Greenway,1061,8
801071081,Isabella Plains,1045,7
801071082,Kambah,1052,8
801071083,Macarthur,1124,10
801071084,Monash,1074,9
801071086,Oxley (ACT),1041,7
801071087,Richardson,1003,5
801071088,Theodore,1060,8
801071090,Wanniassa,1058,8
801081091,Chapman,1129,10
801081092,Duffy,1083,9
801081093,Fisher,1076,9
801081094,Holder,1091,10
801081095,Rivett,1045,7
801081096,Stirling,1064,8
801081097,Waramanga,1060,8
801081098,Weston,1086,9
801091099,Chifley,1061,8
801091100,Curtin,1102,10
801091101,Farrer,1099,10
801091102,Garran,1103,10
801091103,Hughes,1085,9
801091104,Isaacs,1103,10
801091105,Lyons (ACT),1027,6
801091106,Mawson,1066,8
801091107,O'Malley,1136,10
801091108,Pearce,1080,9
801091109,Phillip,1065,8
801091110,Torrens,1088,9
801101135,Coombs,1125,10
801101139,Wright,1145,10
801111140,ACT - South West,1091,10
801111141,Namadgi,1101,10
901011001,Christmas Island,978,4
901021002,Cocos (Keeling) Islands,837,1
901031003,Jervis Bay,801,1
901041004,Norfolk Island,1010,6
